{"stats":{"minecraft:dropped":{"minecraft:dirt":1,"minecraft:sugar_cane":20,"minecraft:bone":2},"minecraft:picked_up":{"minecraft:bone":2,"minecraft:sugar_cane":20,"minecraft:dirt":1},"minecraft:custom":{"minecraft:jump":48,"minecraft:time_since_rest":3084,"minecraft:sprint_one_cm":7316,"minecraft:leave_game":1,"minecraft:play_time":3084,"minecraft:time_since_death":3084,"minecraft:walk_one_cm":18912,"minecraft:sneak_time":5,"minecraft:total_world_time":3084,"minecraft:drop":23,"minecraft:fall_one_cm":1312,"minecraft:fly_one_cm":5102},"minecraft:mined":{"minecraft:grass":7,"minecraft:grass_block":1,"minecraft:sugar_cane":2}},"DataVersion":3465}